command,mean,stddev,median,user,system,min,max
icpx_-O3,0.18941967893333336,0.01603914430869283,0.189408832,0.18140176666666666,0.007623073333333333,0.162950859,0.221034325
