command,mean,stddev,median,user,system,min,max
icpx_-O3,0.008970279577058824,0.001246279884585117,0.00894202518,0.006893441960784315,0.001996827205882351,0.00607380668,0.01487795468
