command,mean,stddev,median,user,system,min,max
icpx_-O3,0.0038161060272468967,0.0006111529886070327,0.00384559418,0.0024239093428063962,0.0014056384369449367,0.00262500518,0.00614393718
