command,mean,stddev,median,user,system,min,max
icpx_-O3,8.4649789765,0.7643906709207329,8.447781884800001,7.6862353599999995,0.76875262,6.9656043648,9.769239433800001
