command,mean,stddev,median,user,system,min,max
icpx_-O3,0.28961869074,0.034370341218047655,0.30071351864,0.27988337999999996,0.00893416,0.24016101564000003,0.34192407864
