command,mean,stddev,median,user,system,min,max
icpx_-O3,0.3918378318200001,0.06800613152637282,0.40115804752000006,0.38385857999999995,0.007424420000000001,0.27736560252000003,0.5062387695200001
