command,mean,stddev,median,user,system,min,max
icpx_-O3,0.1154518082,0.004175823252505417,0.11515163760000001,0.10276833999999999,0.01233082,0.1084920976,0.1239292176
