command,mean,stddev,median,user,system,min,max
icpx_-O3,0.008565607269705879,0.0013245080560911708,0.00841095788,0.006966405882352938,0.0015730958823529427,0.0061378683800000005,0.01243256738
