command,mean,stddev,median,user,system,min,max
icpx_-O3,0.00426430898654367,0.0007938858905350468,0.00440582462,0.002778686371463715,0.0014547243788437887,0.0025592926200000005,0.006777969620000001
