command,mean,stddev,median,user,system,min,max
clang++_-O0,1.4632159557399997,0.03239350118115859,1.45055213404,1.3555783599999998,0.10676361999999999,1.43278185554,1.52138519554
clang++_-O1,0.85207128044,0.014103301550172377,0.85217859404,0.7422443599999999,0.10901911999999998,0.83226942054,0.87849877654
clang++_-O2,0.8493428103400001,0.014719908535950019,0.84663311404,0.74237276,0.10631701999999998,0.83150579754,0.88046315654
clang++_-O3,0.85484035874,0.019420712837103647,0.84462711404,0.7495931599999998,0.10470781999999998,0.83685880754,0.89190306254
g++_-O0,1.80215026004,0.03294213869218478,1.8099992440400001,1.69350026,0.10668232,1.75145091054,1.83808868954
g++_-O1,1.1265596057399998,0.01521708311464259,1.12742888404,1.02098026,0.10433071999999999,1.10798389854,1.14703074654
g++_-O2,0.8761551115399999,0.018899654291772646,0.87707229254,0.7667850599999999,0.10841152000000001,0.85288433954,0.90076842354
g++_-O3,0.8606892731399999,0.017480986211357553,0.85386360604,0.7562165599999999,0.10385061999999998,0.84689603954,0.89902272354
