command,mean,stddev,median,user,system,min,max
icpx_-O3,14.07119471576,0.6264586154414389,14.050492807760001,12.942367059999999,1.1172968799999998,13.03312326626,15.13337885726
