command,mean,stddev,median,user,system,min,max
icpx_-O3,2.7830308373400006,0.253572078783394,2.81096895444,2.6229638,0.15784578,2.27298114944,3.16294846744
