command,mean,stddev,median,user,system,min,max
icpx_-O3,0.29894227894000003,0.029233935102666937,0.29646231704000003,0.27642184,0.02186442,0.25594028604,0.34071083404
