command,mean,stddev,median,user,system,min,max
icpx_-O3,4.744294899640001,0.34252484523405063,4.72117157324,4.457395879999999,0.28160348,4.299581085240001,5.41147287224
