command,mean,stddev,median,user,system,min,max
icpx_-O3,0.007827392866494837,0.0010929828114641196,0.0077900994,0.005983595979381445,0.0018253440721649492,0.0058400034,0.010404381400000001
