command,mean,stddev,median,user,system,min,max
icpx_-O3,0.02201876364000001,0.002029691861381627,0.02240877428,0.018378355999999988,0.0035163360000000014,0.018578408280000003,0.03036164628
