command,mean,stddev,median,user,system,min,max
icpx_-O3,0.010497794020389611,0.0015026882719244997,0.01027674766,0.008688025194805191,0.0017825112337662328,0.00753094866,0.01619062966
