command,mean,stddev,median,user,system,min,max
icpx_-O3,0.012447494195737709,0.001687741066750388,0.01241185474,0.010274981639344259,0.0020926114098360647,0.00898560074,0.01749250474
