command,mean,stddev,median,user,system,min,max
icpx_-O3,49.636476205220006,1.838616194159718,49.85217652952001,43.48891271999999,6.107888780000001,46.88020543052,52.27100828052
