command,mean,stddev,median,user,system,min,max
icpx_-O3,0.025655498750215833,0.0028775959354387214,0.02637329252,0.022194697266187054,0.0033178525179856115,0.019138516520000003,0.03680559252
