command,mean,stddev,median,user,system,min,max
icpx_-O3,0.17420001195157897,0.02591336189013199,0.17641181932,0.15999256842105264,0.013745983157894737,0.13823532032,0.21260787932
