command,mean,stddev,median,user,system,min,max
icpx_-O3,82.89724774804,5.407603594036938,82.23348642664001,75.41745544,7.402692279999999,77.52377537514,94.95258510414
