command,mean,stddev,median,user,system,min,max
icpx_-O3,0.010543576102191778,0.0016561125483866962,0.010432746020000001,0.008493381917808214,0.0019582199999999997,0.00666624002,0.01568924302
